name;model;
Acura;CL;
Acura;MDX;
Acura;RDX;
Alfa Romeo;145;
Alfa Romeo;146;
Alfa Romeo;147;
Alfa Romeo;155;
Alfa Romeo;156;
Alfa Romeo;159;
Alfa Romeo;164;
Alfa Romeo;166;
Alfa Romeo;33;
Alfa Romeo;4C;
Alfa Romeo;75;
Alfa Romeo;8C;
Alfa Romeo;Brera;
Alfa Romeo;Spider;
Alpina;B10;
Alpina;B11;
Alpina;B12;
Alpina;B3;
Alpina;B4;
Alpina;B5;
Alpina;B6;
Alpina;B7;
Alpina;B8;
Alpina;B9;
Alpina;C1;
Alpina;C2;
Aston Martin;AR1;
Audi;100;
Audi;200;
Audi;80;
Audi;90;
Audi;A1;
Audi;A2;
Audi;A3;
Audi;A4;
Audi;A4 allroad quattro;
Audi;A5;
Audi;A6;
Audi;A6 allroad quattro;
Audi;A7;
Audi;A8;
Audi;Cabriolet;
Audi;Q3;
Audi;Q5;
Audi;Q7;
Audi;RS Q3;
Audi;RS6;
Audi;S3;
Audi;S4;
Audi;S5;
Audi;S8;
Audi;TT;
Bentley;Arnage;
Bentley;Azure;
Bentley;Continental GT;
BMW;1-Series;
BMW;2-Series;
BMW;2-Series Active Tourer;
BMW;2-Series Gran Tourer;
BMW;3-Series;
BMW;3-Series Gran Turismo;
BMW;4-Series;
BMW;5-Series;
BMW;5-Series Gran Turismo;
BMW;525;
BMW;6-Series;
BMW;7-Series;
BMW;8-Series;
BMW;i 116;
BMW;M3;
BMW;X1;
BMW;X2;
BMW;X3;
BMW;X4;
BMW;X5;
BMW;X6;
BMW;Z4;
Brilliance;A1;
BYD;F0;
Cadillac;ATS;
Cadillac;BLS;
Cadillac;Brougham;
Cadillac;Escalade;
Cadillac;SRX;
Cadillac;STS;
Cadillac;XT5;
Changan;CS75;
Changan;Raeton;
Chery;A1;
Chery;A11;
Chery;A13;
Chery;A15;
Chery;A19;
Chery;A21;
Chery;A5;
Chery;Amulet;
Chery;Arrizo 7;
Chery;B11;
Chery;Bonus;
Chery;CrossEastar;
Chery;Fora;
Chery;Kimo;
Chery;M11;
Chery;QQ;
Chery;Tiggo;
Chery;Tiggo 5;
Chery;Very;
Chevrolet;Alero;
Chevrolet;Astro;
Chevrolet;Avalanche;
Chevrolet;Aveo;
Chevrolet;Blazer;
Chevrolet;Camaro;
Chevrolet;Caprice;
Chevrolet;Captiva;
Chevrolet;Cobalt;
Chevrolet;Corsica;
Chevrolet;Cruze;
Chevrolet;Epica;
Chevrolet;Express;
Chevrolet;Lacetti;
Chevrolet;Lanos;
Chevrolet;Malibu;
Chevrolet;Niva;
Chevrolet;Orlando;
Chevrolet;Rezzo;
Chevrolet;Spark;
Chevrolet;Spark;
Chevrolet;Tahoe;
Chevrolet;TrailBlazer;
Chevrolet;Traverse;
Chevrolet;Viva;
Chrysler;200;
Chrysler;300C;
Chrysler;300M;
Chrysler;Pacifica;
Chrysler;PT Cruiser;
Chrysler;Sebring;
Chrysler;Voyager;
Citroen;2CV;
Citroen;AX;
Citroen;Berlingo;
Citroen;BX;
Citroen;C-Crosser;
Citroen;C-Elysee;
Citroen;C1;
Citroen;C2;
Citroen;C3;
Citroen;C3 Picasso;
Citroen;C4;
Citroen;C4 Aircross;
Citroen;C4 Picasso;
Citroen;C4-new sedan 2015;
Citroen;C5;
Citroen;C6;
Citroen;C8;
Citroen;DS4;
Citroen;Jumper;
Citroen;ZX;
Daewoo;Alpheon;
Daewoo;Aranos;
Daewoo;Assol--Lanos;
Daewoo;Espero;
Daewoo;Leganza;
Daewoo;Magnus;
Daewoo;Matiz;
Daewoo;Nexia;
Daihatsu;Altis;
Daihatsu;Applause;
Daihatsu;Be-Go;
Daihatsu;Boon;
Daihatsu;Boon Luminas;
Daihatsu;Storia;
Datsun;Datsun;
Datsun;mi-Do;
Datsun;on-DO;
Derways;Aurora;
Dodge;Avenger;
Dodge;Caliber;
Dodge;Caravan;
Dodge;Dakota;
Dodge;Dodge;
Dodge;Journey;
Dongfeng;H30 Cross;
FAW;1051;
FAW;Besturn B50;
FAW;Besturn B70;
FAW;Besturn X80;
FAW;V5;
Ferrari;328;
Ferrari;348;
Ferrari;360;
Ferrari;456;
Ferrari;458 Italia;
Ferrari;458 Spider;
Ferrari;458Speciale;
Ferrari;488 GTB;
Ferrari;575M Maranello;
Ferrari;599 GTB Fiorano;
Ferrari;599 GTO;
Ferrari;612 Scaglietti;
Ferrari;California;
Fiat;1-Series;
Fiat;127;
Fiat;500;
Fiat;500L;
Fiat;550 Barchetta;
Fiat;Albea;
Fiat;Barchetta;
Fiat;Brava;
Fiat;Bravo;
Fiat;Doblo;
Fiat;Ducato;
Fiat;Panda;
Fiat;Punto;
Ford;Aerostar;
Ford;Aspire;
Ford;B-MAX;
Ford;Bronco;
Ford;C-MAX;
Ford;Capri;
Ford;Cougar;
Ford;EcoSport;
Ford;Edge;
Ford;Escape;
Ford;Escort;
Ford;Excursion;
Ford;Explorer;
Ford;Festiva;
Ford;Fiesta;
Ford;Flex;
Ford;Focus;
Ford;Focus ST;
Ford;Fusion;
Ford;Galaxy;
Ford;Kuga;
Ford;Maverick;
Ford;Mondeo;
Ford;Ranger;
Ford;Tourneo Custom;
Ford;Transit;
Geely;CK;
Geely;Emgrand;
Geely;Emgrand X7;
Geely;GC6;
Geely;MK;
Geely;Otaka;
GMC;Acadia;
GMC;Canyon;
GMC;Savana;
Great Wall;Hover;
Great Wall;Hover H5;
Great Wall;Hover M2;
Hafei;Brio;
Hafei;Princip;
Haima;2;
Haima;3;
Haima;7;
Honda;Accord;
Honda;Accord Inspire;
Honda;Acty;
Honda;Acty Truck;
Honda;Airwave;
Honda;Ascot;
Honda;Ascot Innova;
Honda;Avancier;
Honda;Beat;
Honda;Brio;
Honda;Capa;
Honda;Civic;
Honda;Civic Ferio;
Honda;Concerto;
Honda;CR-V;
Honda;CR-X;
Honda;Crosstour;
Honda;Domani;
Honda;Edix;
Honda;Element;
Honda;Elysion;
Honda;Fit;
Honda;HR-V;
Honda;Insight;
Honda;Jazz;
Honda;Odyssey;
Honda;Pilot;
Honda;Ridgeline;
Honda;S-MX;
Honda;Stream;
Honda;Torneo;
Hummer;H2;
Hummer;H3;
Hyundai;Accent;
Hyundai;Aero;
Hyundai;Atos;
Hyundai;Avante;
Hyundai;Azera;
Hyundai;Coupe;
Hyundai;Creta;
Hyundai;Creta;
Hyundai;Elantra;
Hyundai;Eon;
Hyundai;Equus;
Hyundai;Excel;
Hyundai;Galloper;
Hyundai;Genesis;
Hyundai;Getz;
Hyundai;Grand Santa Fe;
Hyundai;Grand Starex;
Hyundai;Grandeur;
Hyundai;H1;
Hyundai;Hyundai;
Hyundai;i20;
Hyundai;i30;
Hyundai;i40;
Hyundai;ix20;
Hyundai;ix35;
Hyundai;ix55;
Hyundai;Lantra;
Hyundai;Matrix;
Hyundai;NF;
Hyundai;Pony;
Hyundai;Santa Fe;
Hyundai;Santa Fe Classic;
Hyundai;Scoupe;
Hyundai;Solaris;
Hyundai;Solaris;
Hyundai;Sonata;
Hyundai;Starex;
Hyundai;Tucson;
Hyundai;Veloster;
Hyundai;Verna;
Hyundai;Сounty;
Infiniti;EX25;
Infiniti;EX35;
Infiniti;EX37;
Infiniti;FX35;
Infiniti;FX37;
Infiniti;FX45;
Infiniti;FX50;
Infiniti;G20;
Infiniti;G25;
Infiniti;G35;
Infiniti;G37;
Infiniti;J30;
Infiniti;JX35;
Infiniti;M25;
Infiniti;M35;
Infiniti;M37;
Infiniti;Q50;
Infiniti;Q70;
Infiniti;QX50;
Infiniti;QX56;
Infiniti;QX56;
Infiniti;QX70;
Infiniti;QX80;
Infiniti;QX80;
Isuzu;Amigo;
Isuzu;Ascender;
Isuzu;Aska;
Isuzu;Axiom;
Isuzu;Bighorn;
Isuzu;D-MAX;
Jaguar;F-Pace;
Jaguar;X-Type;
Jaguar;XE;
Jaguar;XF;
Jaguar;XJ;
Jeep;Cherokee;
Jeep;Compass;
Jeep;Grand Cherokee;
Jeep;Liberty;
Jeep;Patriot;
Jeep;Wrangler;
Kia;Avella;
Kia;Besta;
Kia;Borrego;
Kia;Cadenza;
Kia;Carens;
Kia;ceed;
Kia;Ceed universal;
Kia;Cerato;
Kia;Cerato Koup;
Kia;Forte;
Kia;K5;
Kia;Kia;
Kia;Magentis;
Kia;Mohave;
Kia;Optima;
Kia;Picanto;
Kia;Regal;
Kia;Rio;
Kia;Sorento;
Kia;Soul;
Kia;Spectra;
Kia;Sportage;
Kia;Venga;
Lamborghini;350 GT;
Lamborghini;400 GT;
Lamborghini;Aventador;
Lancia;Kappa;
Land Rover;Defender;
Land Rover;Discovery;
Land Rover;Discovery Sport;
Land Rover;Freelander;
Land Rover;Range Rover;
Land Rover;Range Rover Evoque;
Land Rover;Range Rover Sport;
Lexus;CT200h;
Lexus;ES200;
Lexus;ES250;
Lexus;ES300;
Lexus;ES300h;
Lexus;ES330;
Lexus;ES350;
Lexus;GS250;
Lexus;GS300;
Lexus;GS350;
Lexus;GS430;
Lexus;GS450h;
Lexus;GS460;
Lexus;GX460;
Lexus;GX470;
Lexus;IS F;
Lexus;IS200;
Lexus;IS200t;
Lexus;IS250;
Lexus;IS350;
Lexus;LFA;
Lexus;LS400;
Lexus;LS430;
Lexus;LS460;
Lexus;LS460;
Lexus;LS460;
Lexus;LS600h;
Lexus;LX450;
Lexus;LX450d;
Lexus;LX470;
Lexus;LX570;
Lexus;NX200;
Lexus;NX200t;
Lexus;NX300h;
Lexus;RX200t;
Lexus;RX270;
Lexus;RX300;
Lexus;RX330;
Lexus;RX350;
Lexus;RX400h;
Lexus;RX450h;
Lifan;Breez;
Lifan;Smily;
Lifan;Solano;
Lifan;X50;
Lifan;X60;
Lincoln;Aviator;
Lincoln;Blackwood;
Luxgen;5 Sedan;
Luxgen;7 MPV;
Luxgen;7 SUV;
Maserati;3200GT;
Maybach;57;
Maybach;62;
Mazda;121;
Mazda;323;
Mazda;323C;
Mazda;323F;
Mazda;626;
Mazda;929;
Mazda;Atenza;
Mazda;Autozam AZ-1;
Mazda;Autozam AZ-3;
Mazda;Autozam Carol;
Mazda;Autozam Clef;
Mazda;Autozam Revue;
Mazda;Axela;
Mazda;AZ-Offroad;
Mazda;AZ-Wagon;
Mazda;B-Series;
Mazda;Biante;
Mazda;Bongo;
Mazda;Bongo Brawny;
Mazda;Bongo Brawny Truck;
Mazda;Bongo Friendee;
Mazda;BT-50;
Mazda;Capella;
Mazda;CX-3;
Mazda;CX-5;
Mazda;CX-7;
Mazda;CX-9;
Mazda;Demio;
Mazda;Familia;
Mazda;Mazda2;
Mazda;Mazda3;
Mazda;Mazda5;
Mazda;Mazda6;
Mazda;MPV;
Mazda;MX-5;
Mazda;MX-6;
Mazda;Premacy;
Mazda;RX-8;
Mazda;Verisa;
Mercedes-Benz;190;
Mercedes-Benz;A-Class;
Mercedes-Benz;A-Class W-168;
Mercedes-Benz;AMG GT;
Mercedes-Benz;B-Class;
Mercedes-Benz;C-Class;
Mercedes-Benz;CL-Class;
Mercedes-Benz;CLA-Class;
Mercedes-Benz;CLC-Class;
Mercedes-Benz;CLK-Class;
Mercedes-Benz;CLS-Class;
Mercedes-Benz;E-Class;
Mercedes-Benz;G-Class;
Mercedes-Benz;G-Class Coupe;
Mercedes-Benz;GL-500;
Mercedes-Benz;GL-Class;
Mercedes-Benz;GLA-Class;
Mercedes-Benz;GLC-Class;
Mercedes-Benz;GLE-Class;
Mercedes-Benz;GLK-Class;
Mercedes-Benz;GLS-Class;
Mercedes-Benz;M-Class;
Mercedes-Benz;ML-Class;
Mercedes-Benz;R-Class;
Mercedes-Benz;S-Class;
Mercedes-Benz;SL-Class;
Mercedes-Benz;SLK-Class;
Mercedes-Benz;Sprinter;
Mercedes-Benz;V-Class;
Mercedes-Benz;Viano;
Mercedes-Benz;Vito;
Mercury;Mystique;
Mini;Cabrio;
Mini;Clubman;
Mini;Coupe;
Mitsubishi;3000GT;
Mitsubishi;Airtrek;
Mitsubishi;Aspire;
Mitsubishi;ASX;
Mitsubishi;Attrage;
Mitsubishi;Bravo;
Mitsubishi;Canter;
Mitsubishi;Carisma;
Mitsubishi;Challenger;
Mitsubishi;Chariot;
Mitsubishi;Chariot Grandis;
Mitsubishi;Colt;
Mitsubishi;Debonair;
Mitsubishi;Dingo;
Mitsubishi;Dion;
Mitsubishi;Eclipse;
Mitsubishi;FTO;
Mitsubishi;Galant;
Mitsubishi;Grandis;
Mitsubishi;L200;
Mitsubishi;L300;
Mitsubishi;Lancer;
Mitsubishi;Lancer Cedia;
Mitsubishi;Lancer Evolution;
Mitsubishi;Lancer X;
Mitsubishi;Legnum;
Mitsubishi;Minica;
Mitsubishi;Outlander;
Mitsubishi;Pajero;
Mitsubishi;Pajero Junior;
Mitsubishi;Pajero Mini;
Mitsubishi;Pajero Pinin;
Mitsubishi;Pajero Sport;
Mitsubishi;Space Wagon;
Nissan;100NX;
Nissan;180SX;
Nissan;200SX;
Nissan;240SX;
Nissan;300ZX;
Nissan;350Z;
Nissan;370Z;
Nissan;AD;
Nissan;Almera;
Nissan;Almera Classic;
Nissan;Altima;
Nissan;Armada;
Nissan;Atlas;
Nissan;Auster;
Nissan;Avenir;
Nissan;Avenir Salut;
Nissan;Bassara;
Nissan;BE-1;
Nissan;Bluebird;
Nissan;Bluebird Maxima;
Nissan;Bluebird Sylphy;
Nissan;Cabstar;
Nissan;Caravan;
Nissan;Caravan Elgrand;
Nissan;Cedric;
Nissan;Cefiro;
Nissan;Cube;
Nissan;e-NV200;
Nissan;Elgrand;
Nissan;Gloria;
Nissan;GT-R;
Nissan;Hypermini;
Nissan;Juke;
Nissan;Langley;
Nissan;Laurel;
Nissan;Liberty;
Nissan;March;
Nissan;Maxima;
Nissan;Micra;
Nissan;Murano;
Nissan;Navara;
Nissan;Note;
Nissan;NP300;
Nissan;NV200;
Nissan;Pathfinder;
Nissan;Patrol;
Nissan;Presea;
Nissan;President;
Nissan;Primera;
Nissan;Qashqai;
Nissan;Qashqai+2;
Nissan;Rnessa;
Nissan;Sentra;
Nissan;Serena;
Nissan;Skyline;
Nissan;Sunny;
Nissan;Sylphy;
Nissan;Teana;
Nissan;Terrano;
Nissan;Terrano II;
Nissan;Tiida;
Nissan;Titan;
Nissan;Wingroad;
Nissan;X-Trail;
Oldsmobile;88;
Oldsmobile;Achieva;
Oldsmobile;Alero;
Oldsmobile;Aurora;
Oldsmobile;Bravada;
Opel;Adam;
Opel;Agila;
Opel;Antara;
Opel;Ascona;
Opel;Astra;
Opel;Astra Family;
Opel;Astra GTC;
Opel;Calibra;
Opel;Campo;
Opel;Combo;
Opel;Commodore;
Opel;Corsa;
Opel;GT;
Opel;Insignia;
Opel;Meriva;
Opel;Mokka;
Opel;Omega;
Opel;Vectra;
Opel;Zafira;
Peugeot;1007;
Peugeot;106;
Peugeot;107;
Peugeot;108;
Peugeot;2008;
Peugeot;205;
Peugeot;206;
Peugeot;207;
Peugeot;208;
Peugeot;3008;
Peugeot;301;
Peugeot;306;
Peugeot;307;
Peugeot;308;
Peugeot;309;
Peugeot;4007;
Peugeot;4008;
Peugeot;405;
Peugeot;406;
Peugeot;407;
Peugeot;408;
Peugeot;5008;
Peugeot;504;
Peugeot;508;
Peugeot;605;
Peugeot;607;
Peugeot;806;
Peugeot;807;
Peugeot;Boxer;
Peugeot;Boxer Combi;
Peugeot;Partner;
Plymouth;Acclaim;
Plymouth;Breeze;
Pontiac;6000;
Pontiac;Aztek;
Pontiac;Bonneville;
Porsche;911;
Porsche;918;
Porsche;924;
Porsche;928;
Porsche;944;
Porsche;966;
Porsche;Boxster;
Porsche;Cajun;
Porsche;Carrera;
Porsche;Cayenne;
Porsche;Cayman;
Porsche;Macan;
Porsche;Panamera;
Renault;11;
Renault;19;
Renault;21;
Renault;25;
Renault;Avantime;
Renault;Captur;
Renault;Clio;
Renault;Duster;
Renault;Fluence;
Renault;Kangoo;
Renault;Koleos;
Renault;Laguna;
Renault;Latitude;
Renault;Logan;
Renault;Logan;
Renault;Master;
Renault;Megane;
Renault;R19;
Renault;Sandero;
Renault;Sandero Stepway;
Renault;Scenic;
Renault;Symbol;
Rover;14;
Rover;200;
Rover;400;
Rover;45;
Rover;600;
Rover;75;
Rover;800;
Rover;Montego;
Rover;Streetwise;
Saab;9-2X;
Saab;9-3;
Saab;9-4X;
Saab;9-5;
Saab;9-7X;
Saab;900;
Saab;9000;
Saab;99;
SEAT;Alhambra;
SEAT;Altea;
SEAT;Arosa;
SEAT;Ibiza;
SEAT;Leon;
Skoda;Citigo;
Skoda;Fabia;
Skoda;Felicia;
Skoda;Forman;
Skoda;Octavia;
Skoda;Rapid;
Skoda;Roomster;
Skoda;Superb;
Skoda;Yeti;
Smart;Forfour;
SsangYong;Actyon;
SsangYong;Actyon Sports;
SsangYong;Chairman;
SsangYong;Korando;
SsangYong;Kyron;
SsangYong;Musso;
SsangYong;Rexton;
SsangYong;Stavic;
Subaru;1300;
Subaru;1600;
Subaru;1800;
Subaru;2КАТЕГОРЯ;
Subaru;Alcyone;
Subaru;B9 Tribeca;
Subaru;Baja;
Subaru;Bighorn;
Subaru;Bistro;
Subaru;Brat;
Subaru;BRZ;
Subaru;Forester;
Subaru;Impreza;
Subaru;Impreza VX;
Subaru;Impreza WRX;
Subaru;Impreza WRX STI;
Subaru;Legacy;
Subaru;Mini Jumbo;
Subaru;Outback;
Subaru;Tribeca;
Subaru;VX;
Suzuki;Aerio;
Suzuki;Alto;
Suzuki;Alto Lapin;
Suzuki;Baleno;
Suzuki;Cappuccino;
Suzuki;Cara;
Suzuki;Cultus;
Suzuki;Fronte;
Suzuki;Grand Escudo;
Suzuki;Grand Vitara;
Suzuki;Ignis;
Suzuki;Jimny;
Suzuki;Jimny Wide;
Suzuki;Liana;
Suzuki;Spacia;
Suzuki;Splash;
Suzuki;Swift;
Suzuki;SX4;
Suzuki;Vitara;
Tianye;Admiral;
Toyota;4Runner;
Toyota;Allex;
Toyota;Allion;
Toyota;Alphard;
Toyota;Altezza;
Toyota;Aqua;
Toyota;Aristo;
Toyota;Aurion;
Toyota;Auris;
Toyota;Avalon;
Toyota;Avanza;
Toyota;Avensis;
Toyota;Avensis Verso;
Toyota;Aygo;
Toyota;bB;
Toyota;Belta;
Toyota;Blade;
Toyota;Blizzard;
Toyota;Brevis;
Toyota;Caldina;
Toyota;Cami;
Toyota;Camry;
Toyota;Camry Gracia;
Toyota;Camry Prominent;
Toyota;Carina;
Toyota;Celica;
Toyota;Chaser;
Toyota;Comfort;
Toyota;Corolla;
Toyota;Corolla II;
Toyota;Corolla Verso;
Toyota;Corona;
Toyota;Corona Premio;
Toyota;Cresta;
Toyota;Crown;
Toyota;Echo;
Toyota;Estima;
Toyota;FJ Cruiser;
Toyota;Funcargo;
Toyota;Gaia;
Toyota;Granvia;
Toyota;Harrier;
Toyota;Hiace;
Toyota;Highlander;
Toyota;Hilux Pick Up;
Toyota;Hilux Surf;
Toyota;Ipsum;
Toyota;ist;
Toyota;Land Cruiser;
Toyota;Land Cruiser 200;
Toyota;Land Cruiser Prado;
Toyota;Levin;
Toyota;Mark II;
Toyota;Matrix;
Toyota;Mirai;
Toyota;MR-S;
Toyota;Nadia;
Toyota;Noah;
Toyota;Opa;
Toyota;Platz;
Toyota;Prius;
Toyota;Probox;
Toyota;Pronard;
Toyota;Ractis;
Toyota;Raum;
Toyota;RAV4;
Toyota;Rush;
Toyota;Sienta;
Toyota;Sprinter;
Toyota;Tacoma;
Toyota;Tercel;
Toyota;Tundra;
Toyota;Venza;
Toyota;Verso;
Toyota;VILL;
Toyota;Vios;
Toyota;Vista;
Toyota;Vitz;
Toyota;Voltz;
Toyota;Voxy;
Toyota;Wish;
Toyota;Yaris;
Volkswagen;Amarok;
Volkswagen;Beetle;
Volkswagen;Bora;
Volkswagen;Caddy;
Volkswagen;California;
Volkswagen;Caravelle;
Volkswagen;Country;
Volkswagen;Crafter;
Volkswagen;Fox;
Volkswagen;Golf;
Volkswagen;Golf Plus;
Volkswagen;Jetta;
Volkswagen;LT;
Volkswagen;Multivan;
Volkswagen;Multivan;
Volkswagen;Multivan;
Volkswagen;Parati;
Volkswagen;Passat;
Volkswagen;Passat CC;
Volkswagen;Phaeton;
Volkswagen;Polo;
Volkswagen;Polo;
Volkswagen;Polo;
Volkswagen;Polo;
Volkswagen;Polo;
Volkswagen;Scirocco;
Volkswagen;Sharan;
Volkswagen;Tiguan;
Volkswagen;Touareg;
Volkswagen;Touran;
Volkswagen;Transporter;
Volvo;240;
Volvo;340;
Volvo;440;
Volvo;460;
Volvo;740;
Volvo;760;
Volvo;850;
Volvo;940;
Volvo;960;
Volvo;C30;
Volvo;C40;
Volvo;C70;
Volvo;S40;
Volvo;S60;
Volvo;S80;
Volvo;V40;
Volvo;V60;
Volvo;V70;
Volvo;V90;
Volvo;Volvo;
Volvo;XC60;
Volvo;XC70;
Volvo;XC90;
Vortex;Estina;
Vortex;Tingo;
ZX;Admiral;
ВАЗ;1111 Ока;
ВАЗ;2101;
ВАЗ;2102;
ВАЗ;2103;
ВАЗ;2104;
ВАЗ;2105;
ВАЗ;2106;
ВАЗ;2107;
ВАЗ;2108;
ВАЗ;2109;
ВАЗ;21099;
ВАЗ;2110;
ВАЗ;2111;
ВАЗ;2112;
ВАЗ;2113;
ВАЗ;2114;
ВАЗ;2115;
ВАЗ;2120 Надежда;
ВАЗ;2121 4x4 Нива;
ВАЗ;2131 4x4 Нива;
ВАЗ;2329 4х4 Пикап;
ВАЗ;4x4 2121 Нива;
ВАЗ;XRAY;
ВАЗ;Веста;
ВАЗ;Гранта;
ВАЗ;Гранта Спорт;
ВАЗ;Калина;
ВАЗ;Ларгус;
ВАЗ;Приора;
ВЕЛОСИПЕД;ВЕЛОСИПЕД;
ГАЗ;12 ЗИМ;
ГАЗ;21 Волга;
ГАЗ;24 Волга;
ГАЗ;2447;
ГАЗ;2747;
ГАЗ;2752;
ГАЗ;3102 Волга;
ГАЗ;31029 Волга;
ГАЗ;3110 Волга;
ГАЗ;31105 Волга;
ГАЗ;67;
ГАЗ;69;
ГАЗ;Волга;
ГАЗ;Волга Сайбер;
ГАЗ;ГАЗель;
ГАЗ;ГАЗель NEXT;
ГАЗ;Соболь;
ИЖ;2125;
ИЖ;2126 Ода;
ИЖ;21261 Ода Универсал;
ИЖ;2715;
ИЖ;2717;
Катер;Катер большой;
Катер;Катер малый;
Катер;Катер средний;
Москвич;2136;
Москвич;2137;
Москвич;2138;
Москвич;2139;
Москвич;2140;
Москвич;2141;
Москвич;2142;
Москвич;408;
Москвич;412;
Москвич;426;
Москвич;427;
МОТОЦИКЛ;SUZUKI;
Мотоцикл двухгколесный;Мотоцикл двухгколесный;
Прицеп;Прицеп;
ТагАЗ;Aquila;
ТагАЗ;Voztex;
ТагАЗ;Voztex;
ТагАЗ;Тагер;
Трактор;Обычный с ковшом;
УАЗ;3151;
УАЗ;469;
УАЗ;Буханка;
УАЗ;Патриот;
УАЗ;Хантер;
